URL Slug,Meta Title,Description
r3-turf-radial,R3 Turf Radial Tires,Discover the benefits of R3 turf radial tires. Enjoy a smoother operation and longer tire life on your mowing equipment.
r3-turf-tires,R3 Turf Tires for Sale,"Your complete guide to R3 turf tires. Find the right R3 tires for your tractor, mower, or commercial equipment."
r3-tires-john-deere,R3 Turf Tires for John Deere,Shop our selection of R3 turf tires compatible with John Deere mowers and tractors. Find the perfect match for your machine.
tractor-grass-tyres,Tractor Grass Tyres,Find a wide range of grass tyres for tractors. Designed to minimize damage to lawns and playing fields.
tractor-turf-tyres,Tractor Turf Tyres for Sale,Browse our inventory of tractor turf tyres for sale. We have new and used options to fit your budget and tractor model.
tractor-with-grass-tyres,Tractor with Grass Tyres,Looking for a tractor equipped with grass tyres? Explore our listings or find a tyre set to convert your current tractor.
turf-and-field-tractor-tires,Turf and Field Tractor Tires,Versatile turf and field tractor tires that handle both mowing and light field work. A great multi-purpose option.
used-tractor-turf-tires,Used Tractor Turf Tires for Sale,Save money with our selection of used tractor turf tires. All tires are inspected to ensure they have plenty of life left.
used-turf-tires,Used Turf Tires for Sale,Find deals on used turf tires for tractors and mowers. An affordable solution for replacing your worn-out tires.
yanmar-turf-tires,Yanmar Turf Tires,Source turf tires for Yanmar tractors. We carry sizes to fit various Yanmar compact and sub-compact models.
